422,360,233,223,121,574,222,234,454,397,416,521,27,117,119,403,171,515,309,426,439,224,351,291,339
4,580,569,240,154,479,225,534,196,78,103,301,443,290,195,553,5,161,288,379,287,174,203,492,89
26,302,373,142,463,549,149,584,298,181,414,350,66,136,547,134,391,63,54,81,262,355,31,535,258
338,109,386,93,220,321,524,13,402,331,304,245,518,215,306,15,345,495,375,70,472,61,406,95,111
580,154,240,569,1,534,479,196,225,78,103,301,443,5,161,288,553,174,492,89,337,435,379,195,293
172,337,401,293,314,394,448,492,161,435,130,207,174,78,485,89,356,301,237,266,570,288,4,580,154
500,315,483,33,115,48,591,364,276,178,16,86,590,297,592,208,522,552,150,346,31,490,528,429,526
313,374,333,576,140,487,451,434,372,235,514,68,135,129,106,209,33,155,82,177,32,430,471,510,145
356,570,435,207,51,293,448,394,558,401,260,172,174,161,385,201,555,266,89,337,492,5,314,288,157
489,411,327,120,493,419,75,358,166,221,587,305,533,211,390,595,85,216,360,251,40,424,214,39,449
328,396,442,581,354,311,409,143,455,170,134,546,258,176,31,528,37,248,439,74,506,469,364,391,309
346,190,295,48,571,97,65,133,150,87,115,304,417,271,283,312,315,68,593,23,503,112,6,590,269
384,430,32,452,235,505,530,177,135,470,487,164,372,374,333,471,73,165,434,100,323,90,514,451,82
15,531,406,524,495,245,306,402,321,220,472,14,109,242,215,173,513,386,253,269,93,522,345,368,3
406,15,345,436,306,524,13,245,173,115,495,531,501,402,522,261,253,321,472,242,106,220,430,470,22
13,406,215,321,14,495,524,109,386,531,245,402,306,345,93,220,242,557,472,518,332,368,436,261,191
156,280,482,33,208,17,267,129,514,561,520,155,421,576,153,347,118,465,106,108,382,313,21,160,179
482,21,118,340,520,264,34,153,160,477,131,179,208,16,382,229,94,420,347,105,156,428,100,465,323
145,111,408,68,283,91,7,576,374,384,177,320,61,235,140,430,146,505,12,70,180,333,164,32,530
511,376,324,578,348,520,153,347,129,543,316,155,420,106,208,514,105,264,156,382,428,17,16,482,108
175,286,486,76,91,236,125,123,68,209,304,417,464,362,355,22,522,262,274,405,592,392,538,539,202
340,160,131,118,229,34,17,179,94,100,477,264,382,153,520,420,105,323,36,482,188,208,475,244,541
248,426,91,70,351,224,521,574,524,491,180,439,405,234,41,222,183,245,111,392,515,556,406,123,513
318,226,312,112,246,62,307,158,122,593,563,367,417,271,87,116,107,381,346,392,283,11,115,405,25
573,25,400,130,102,275,377,227,492,161,172,174,498,288,314,28,485,337,517,558,342,349,133,207,356
377,227,254,365,498,400,24,342,288,553,130,252,573,492,485,161,102,319,381,337,349,174,565,571,28
2,302,373,142,463,549,149,584,414,181,298,547,350,66,134,136,355,391,81,31,54,63,535,262,545
171,291,309,579,454,403,515,468,222,143,393,121,43,53,439,521,574,0,351,268,566,546,491,223,30
174,102,161,275,172,24,288,207,573,492,130,377,337,25,356,498,89,558,8,538,435,314,293,448,381
243,387,501,315,364,79,180,483,84,532,297,115,30,546,224,335,136,371,418,151,253,241,31,48,218
546,371,81,136,446,171,243,54,393,309,291,218,231,545,27,143,387,29,468,350,258,364,454,413,584
364,134,391,115,253,180,269,524,224,84,474,387,350,173,351,41,167,491,262,532,439,183,294,48,151
452,384,505,12,471,90,430,421,372,333,530,165,434,135,100,177,73,374,164,235,323,108,188,576,94
16,208,482,156,372,447,6,514,129,122,576,115,17,429,236,178,280,188,510,452,155,276,520,175,7
118,21,160,17,36,340,131,264,94,229,100,482,257,179,153,519,188,477,420,208,255,382,520,73,299
204,445,488,83,490,427,412,590,509,494,286,274,453,57,59,478,48,284,175,516,303,71,579,43,125
188,34,100,257,118,160,229,21,255,519,530,94,73,205,277,131,299,90,505,164,104,340,510,323,17
563,116,330,424,311,390,564,404,305,112,392,294,455,310,318,246,412,62,276,251,354,595,303,339,328
289,273,329,450,219,456,159,46,423,176,86,192,265,502,328,429,51,201,396,41,170,391,134,185,183
411,9,120,489,410,168,75,199,147,575,305,327,40,378,389,198,551,47,50,85,550,499,251,211,419
85,211,147,378,199,168,358,550,166,47,499,589,551,587,120,212,221,305,411,9,478,327,393,457,489
248,524,245,538,134,405,461,472,464,362,175,183,391,173,22,262,31,392,115,355,76,522,535,265,170
529,399,279,343,292,508,359,425,363,194,380,114,433,141,353,407,256,326,562,285,41,461,245,523,507
491,439,309,579,351,515,224,566,556,403,27,468,143,180,222,121,171,574,521,454,53,427,393,577,426
150,281,84,241,68,31,500,180,175,592,522,481,364,352,350,474,547,336,286,209,6,483,355,202,224
296,441,203,437,238,290,195,103,479,196,379,294,301,78,1,443,4,580,240,569,154,488,334,263,225
289,38,273,219,265,423,450,329,159,86,456,502,570,496,176,192,538,435,201,178,572,184,537,464,8
551,550,499,168,199,378,147,198,85,459,40,506,211,75,305,457,50,193,589,389,210,120,251,410,327
315,115,592,364,369,11,65,590,271,346,490,84,387,552,150,31,145,304,122,180,533,243,241,87,554
594,92,344,536,157,260,385,96,55,356,349,394,266,51,558,24,438,401,314,293,480,275,8,448,400
389,263,232,58,460,168,551,199,378,47,499,410,550,459,193,322,75,39,147,198,457,506,488,294,455
8,356,266,394,69,401,201,344,170,570,435,293,405,385,448,558,237,92,157,207,161,89,594,492,107
548,230,568,459,74,198,589,197,499,506,413,457,147,199,378,476,387,550,243,546,418,29,79,127,410
268,59,515,579,403,222,56,521,27,286,439,121,491,454,234,258,577,43,412,171,248,351,183,574,426
371,136,231,218,243,262,30,81,387,181,546,241,350,545,258,364,29,53,446,504,584,171,27,413,183
96,92,594,536,344,49,438,157,260,480,567,266,319,341,107,558,328,51,10,265,385,570,565,113,252
268,59,53,183,234,286,181,392,330,577,521,262,170,22,515,248,222,405,258,403,426,516,201,311,574
424,339,595,490,494,412,427,303,478,210,310,144,214,216,590,577,83,59,71,509,228,121,360,554,35
232,263,389,460,50,284,259,410,199,378,551,168,457,230,499,455,476,47,488,294,459,84,261,550,198
268,53,412,577,56,121,330,392,515,286,509,579,427,83,454,234,222,521,403,274,516,491,439,170,303
440,186,544,525,542,560,278,272,88,370,540,470,101,398,12,235,128,189,384,572,430,487,177,372,262
220,402,503,338,146,68,517,331,3,381,97,447,133,109,304,571,150,346,11,95,282,93,228,140,18
112,246,307,158,593,312,116,271,23,283,226,122,563,318,367,417,357,458,37,404,564,390,115,424,455
137,298,132,398,370,181,584,248,549,149,66,186,373,258,183,2,278,350,463,535,272,22,60,302,234
557,554,582,163,320,332,345,228,167,436,501,478,214,368,151,111,242,352,217,386,84,494,212,187,79
369,304,417,115,48,338,345,228,156,271,122,11,593,280,315,533,16,590,522,267,190,295,444,497,375
350,584,446,136,546,258,183,545,134,142,69,248,31,463,391,403,549,532,30,253,298,2,222,234,63
184,138,526,169,178,152,535,496,538,537,185,287,355,181,173,41,570,265,88,262,362,201,528,272,522
111,91,70,145,180,304,486,335,552,175,317,524,224,209,84,592,173,522,241,125,532,48,20,115,352
237,51,584,341,416,223,443,379,344,78,388,268,266,170,8,234,248,183,103,66,385,301,89,485,409
111,91,224,180,556,524,22,68,351,491,532,245,43,426,406,269,531,495,582,345,439,554,248,217,242
213,566,187,427,212,119,339,468,83,490,121,352,579,43,454,478,412,27,309,445,214,360,422,291,0
431,588,487,451,191,177,106,261,313,165,470,430,471,316,452,82,374,235,345,108,406,14,155,475,135
164,505,530,323,94,100,160,465,519,32,384,471,12,90,434,188,131,108,229,36,165,333,541,179,510
506,459,193,52,499,550,198,168,47,551,334,199,147,548,378,554,294,167,197,568,210,151,10,29,305
327,390,120,9,489,411,168,550,47,166,499,305,533,551,419,358,369,85,378,221,449,199,211,587,493
516,123,175,509,125,486,362,464,405,286,538,577,274,245,41,392,402,20,524,495,472,22,522,282,306
245,82,374,372,262,507,451,135,235,486,76,90,128,125,384,487,126,333,430,12,32,177,60,284,472
196,443,103,301,4,580,154,89,237,534,1,240,569,5,479,337,379,161,195,492,341,401,293,448,314
29,387,180,532,418,84,151,224,501,364,554,167,243,335,31,48,217,143,393,309,582,351,592,111,43
261,532,451,374,487,217,177,524,462,269,350,235,501,126,430,470,531,151,408,431,253,167,418,245,82
371,30,136,546,218,54,231,446,413,545,387,241,364,243,350,291,309,393,171,206,584,29,27,142,143
451,374,487,177,430,333,135,235,434,470,471,313,384,32,452,372,12,245,165,588,106,406,90,576,524
121,454,412,303,445,71,579,35,59,43,119,339,53,478,27,427,566,490,310,468,360,309,491,171,268
217,180,532,387,224,31,335,592,253,111,29,48,582,554,79,364,243,501,241,68,474,43,418,309,115
211,40,147,378,550,168,358,166,587,499,47,221,305,199,120,551,216,210,327,478,212,9,214,589,411
423,219,159,450,185,273,38,429,46,265,289,176,329,201,456,178,6,502,184,67,391,152,192,496,526
150,115,48,11,133,392,346,269,474,31,513,23,271,65,84,122,173,112,571,246,517,97,582,405,522
12,60,135,470,572,278,67,452,235,184,544,384,537,487,186,398,372,538,535,374,430,178,542,472,177
78,448,401,293,443,394,435,161,174,237,356,5,196,172,103,314,337,492,207,130,8,301,379,432,341
188,32,530,434,505,333,73,384,164,267,135,100,323,471,94,12,372,36,165,452,561,465,421,541,229
70,111,180,224,22,68,351,426,491,556,145,175,524,320,304,20,501,406,283,574,436,439,123,521,532
594,49,344,96,55,536,260,266,438,157,558,51,356,394,107,385,8,293,401,567,570,319,314,448,480
331,109,220,321,402,518,306,15,338,375,386,13,3,503,406,95,541,215,472,381,65,559,165,267,473
160,323,131,100,229,179,73,505,382,21,164,108,541,530,420,465,153,34,519,477,475,32,17,471,165
472,381,402,220,503,109,331,538,306,191,559,473,583,244,421,464,518,447,215,90,265,229,541,316,25
55,92,594,536,344,49,438,260,157,480,567,266,319,341,558,107,51,328,265,385,10,570,565,252,113
133,571,517,11,346,503,220,338,173,447,402,24,102,461,87,150,25,65,381,522,295,125,190,573,300
182,101,540,542,525,189,440,560,470,544,22,235,374,60,532,82,430,418,177,12,262,524,134,245,487
110,497,250,395,444,357,449,458,124,564,404,533,271,276,369,591,216,122,295,190,318,221,322,315,367
94,229,160,131,73,323,505,21,530,179,36,382,164,32,519,541,118,188,34,108,475,452,165,421,384
542,182,440,525,544,540,98,560,189,60,470,398,88,137,235,12,384,430,487,177,374,415,82,186,135
28,275,24,377,573,174,227,161,498,25,288,492,400,130,571,365,172,337,503,517,381,254,133,207,97
196,78,443,301,534,4,580,154,479,195,1,89,237,240,569,225,290,379,203,296,341,287,432,441,437
255,205,277,299,257,118,36,34,188,100,21,519,340,229,530,208,381,160,244,452,94,17,447,367,131
244,583,382,475,179,520,420,131,340,316,347,153,428,229,21,208,264,191,160,108,477,94,17,514,511
313,155,108,316,129,471,514,156,333,165,434,487,280,382,430,323,191,267,465,475,177,421,452,505,179
567,342,565,266,319,485,252,553,254,400,51,92,512,301,344,341,130,25,492,461,392,237,405,394,337
382,316,323,106,475,179,165,471,94,541,129,131,155,505,514,421,313,160,191,229,465,520,32,100,452
331,93,220,402,321,306,13,472,15,95,518,386,406,3,215,338,495,375,245,381,165,503,559,541,471
99,250,395,444,497,357,533,449,458,369,295,190,564,404,216,271,276,591,221,124,315,367,122,318,166
70,180,91,68,224,145,524,532,556,351,335,320,418,436,84,491,501,217,22,304,332,345,269,406,43
62,246,307,158,593,312,271,116,23,122,318,563,226,283,357,367,458,417,404,564,37,115,390,455,424
586,390,294,37,252,474,75,107,319,484,269,328,419,563,455,87,318,354,506,167,429,96,513,55,489
433,425,407,292,326,562,508,363,256,399,353,380,42,529,343,141,279,359,194,285,41,461,245,284,157
48,315,364,31,173,122,269,524,65,180,262,387,522,552,271,474,501,253,134,590,41,224,392,87,243
563,404,564,37,593,424,112,62,246,303,122,271,392,455,330,311,158,595,307,318,416,115,493,276,458
416,223,233,360,409,397,0,291,354,251,171,119,27,309,339,493,143,403,393,305,311,574,222,234,515
34,21,340,17,482,160,36,257,131,229,100,188,264,208,299,94,179,255,477,520,104,153,382,205,519
360,223,339,454,251,121,71,0,233,213,305,83,310,291,27,117,409,171,468,303,309,566,210,412,393
327,9,75,489,411,533,166,493,85,211,358,369,587,221,40,390,216,419,378,147,168,214,449,39,499
454,412,83,579,27,59,515,222,0,360,339,403,43,171,53,303,268,119,439,330,491,521,424,309,468
271,593,404,357,564,276,458,417,455,112,115,318,116,367,246,62,158,369,315,48,65,563,33,307,23
405,577,509,464,76,274,516,362,392,539,175,170,427,22,494,286,355,20,91,524,491,538,41,304,248
99,591,276,585,449,458,110,357,395,483,315,564,6,404,455,444,528,497,250,500,218,122,33,318,533
486,175,76,304,522,516,590,173,509,20,68,202,402,115,552,417,362,286,123,262,65,524,220,41,392
374,451,372,7,270,262,245,235,82,576,524,286,452,588,135,487,253,32,261,532,513,145,177,335,486
476,589,457,410,40,378,308,548,145,212,147,52,120,85,230,199,335,445,418,259,358,320,84,39,413
370,60,433,256,407,114,245,508,562,380,292,77,399,507,132,529,286,42,262,279,425,272,326,281,186
155,106,514,108,465,313,156,153,316,323,420,16,179,471,280,267,382,520,505,140,333,421,94,434,164
492,337,485,161,400,174,172,5,288,342,227,24,553,377,573,25,254,266,314,565,293,558,356,301,394
179,160,229,94,21,382,420,100,153,323,520,477,340,108,475,541,17,264,105,34,118,208,505,316,73
63,298,398,137,370,186,584,278,66,549,128,248,181,350,149,60,245,258,183,2,373,22,463,80,544
571,97,517,24,346,11,87,338,25,150,573,102,377,503,498,227,461,400,23,485,565,275,392,381,492
391,31,364,41,524,248,387,350,115,173,136,262,253,180,584,183,142,532,269,224,206,396,22,351,439
384,487,12,430,177,82,333,32,451,235,452,471,374,434,165,470,530,505,90,313,372,588,106,108,164
371,350,54,546,81,30,387,241,243,364,545,446,231,218,532,262,584,66,134,29,413,309,180,171,27
63,298,398,132,181,149,258,66,248,463,584,183,549,101,373,542,134,192,370,350,22,142,366,440,136
526,67,169,184,178,152,538,496,185,535,173,287,528,522,537,447,265,558,201,33,432,570,355,236,472
555,527,538,535,362,496,464,570,207,314,184,172,76,435,558,355,175,174,286,8,293,356,448,28,539
313,333,434,465,471,129,106,155,267,514,576,135,561,32,156,505,430,177,487,421,374,280,451,7,452
353,343,359,363,425,292,529,279,508,399,42,326,114,407,380,562,433,256,194,285,461,157,507,480,107
463,2,302,26,373,149,549,134,584,66,136,350,391,81,31,258,54,181,298,546,371,364,262,446,414
309,393,354,171,468,27,439,291,43,546,351,403,491,409,224,579,233,454,574,30,222,515,566,243,521
210,310,239,339,162,247,57,595,490,71,214,29,587,360,412,221,119,305,216,424,566,147,468,481,83
335,111,418,209,68,241,180,592,552,387,532,91,317,48,436,320,501,243,224,84,70,304,364,315,253
7,61,282,140,381,135,353,359,18,114,326,68,407,425,434,518,562,433,313,111,267,503,155,157,333
199,378,499,457,550,47,168,551,40,85,211,589,210,198,459,29,120,305,568,358,587,506,75,52,310
523,462,245,451,82,374,135,220,261,472,402,487,524,333,155,15,215,430,256,13,235,433,177,380,41
463,549,373,26,142,302,2,298,584,414,137,63,192,391,134,66,206,81,366,181,258,350,136,355,289
87,474,48,346,11,269,84,115,592,31,133,315,517,6,65,300,97,571,23,68,173,522,364,180,338
167,554,501,532,242,582,224,269,332,531,163,79,217,31,180,29,43,364,491,253,557,418,351,70,524
526,169,67,138,184,178,185,496,202,535,181,355,504,528,538,173,262,241,591,522,175,272,41,6,552
420,520,179,264,131,17,382,160,21,477,105,94,129,229,340,208,108,514,34,316,482,347,323,475,19
4,580,240,569,1,534,479,225,196,78,103,301,443,5,161,435,288,553,174,492,89,337,293,287,448
106,129,316,156,313,108,267,280,471,514,333,434,465,421,191,165,140,561,16,520,382,323,179,153,475
280,267,16,561,155,106,129,313,316,108,465,434,421,520,333,208,514,17,471,576,482,382,347,323,191
385,344,49,394,356,293,536,401,594,448,92,480,314,435,207,51,260,8,266,275,570,558,172,379,361
246,307,62,112,312,593,283,226,271,122,23,116,417,115,318,563,345,367,513,306,357,458,37,392,65
450,219,423,273,329,456,38,289,176,86,192,46,429,265,502,328,185,183,134,391,396,41,201,248,51
131,94,179,229,21,100,323,34,420,382,153,477,17,73,340,118,264,541,505,164,108,36,520,465,188
174,492,337,130,172,288,5,485,207,28,553,400,377,89,293,356,435,314,24,448,573,8,394,401,558
239,144,210,339,310,213,187,360,119,71,247,0,422,117,566,223,214,233,409,582,64,468,416,305,595
582,557,368,554,242,64,167,531,332,151,345,269,513,501,524,321,228,70,320,386,474,217,556,224,494
73,505,530,323,94,465,519,100,384,32,160,434,12,471,510,333,108,90,188,131,267,313,165,179,514
471,108,32,541,333,323,434,505,475,452,316,430,106,191,421,177,135,384,94,100,12,313,382,487,73
358,221,587,216,493,595,533,489,9,327,211,85,120,449,40,383,411,369,478,214,75,424,305,378,251
151,554,582,242,163,501,332,531,269,532,557,31,224,474,368,524,64,217,180,364,79,70,261,491,43
551,199,47,378,550,499,147,459,85,40,75,211,50,305,457,389,193,198,506,210,589,358,120,327,166
526,152,138,67,184,178,185,496,202,535,538,522,528,355,272,181,173,175,262,336,33,504,6,236,552
577,539,405,248,51,392,268,123,311,274,515,439,56,59,509,516,464,41,491,22,403,234,258,53,354
27,291,309,454,403,143,579,393,468,222,515,439,546,121,574,43,521,30,258,354,0,53,233,409,223
174,207,161,5,293,448,492,337,435,314,394,130,401,356,558,8,28,570,288,24,89,275,555,385,485
522,524,472,115,402,253,391,41,220,31,552,513,269,538,245,134,14,362,13,125,461,486,175,68,306
161,172,492,28,337,130,207,288,5,356,435,293,89,448,8,558,314,24,102,573,394,401,485,275,377
20,486,125,76,286,355,362,522,123,464,41,274,590,538,405,392,262,68,91,509,209,304,516,173,539
192,450,159,219,423,273,38,329,289,456,396,86,134,391,429,185,328,581,51,46,10,248,201,502,41
430,487,235,451,470,374,384,82,12,135,452,471,333,32,313,165,434,505,106,588,372,108,576,530,164
67,138,526,184,169,152,496,538,185,6,535,33,265,355,86,173,522,537,447,362,208,464,528,287,236
131,382,160,94,229,420,21,153,108,477,475,323,520,105,541,316,100,340,17,264,583,244,34,208,514
224,351,111,426,70,491,91,532,84,439,387,43,574,501,556,31,68,22,364,418,521,145,335,253,243
355,535,262,54,56,286,175,41,53,183,272,184,67,152,496,248,258,136,63,373,169,268,584,22,134
540,101,542,98,525,440,189,560,544,470,60,12,235,430,374,384,82,177,372,487,451,88,415,507,245
234,521,248,222,574,403,515,426,41,22,351,56,439,461,53,31,268,262,392,491,258,134,330,311,350
67,535,496,138,169,538,178,526,152,355,185,537,570,362,41,265,464,181,558,287,272,201,555,435,139
86,152,526,169,184,67,178,138,429,176,496,423,6,219,33,391,538,134,159,201,535,528,41,500,450
278,398,60,370,132,88,535,63,544,181,128,440,537,272,67,262,184,538,137,298,572,245,542,470,414
213,212,566,71,352,422,214,468,478,339,481,360,119,239,393,162,309,325,0,43,211,64,224,200,233
90,36,530,118,32,100,505,510,73,160,21,94,164,34,229,257,421,519,131,559,323,17,384,434,340
540,525,560,440,182,542,98,101,470,235,60,544,12,430,384,177,487,374,519,372,576,510,32,164,82
295,11,346,250,110,271,497,65,593,417,48,357,367,369,395,458,283,444,533,304,447,315,112,590,97
316,421,475,583,452,559,108,244,165,382,106,105,514,471,155,520,32,541,179,588,156,229,208,313,131
176,289,219,159,450,273,38,329,456,396,423,134,258,328,463,391,149,46,86,248,51,69,137,10,142
459,506,322,499,74,168,551,550,378,75,47,455,199,390,369,444,449,564,50,147,404,389,210,533,216
279,529,42,399,380,508,292,363,425,343,359,433,256,407,353,562,326,114,141,523,461,507,41,245,285
301,479,203,196,103,45,78,296,443,534,4,580,1,441,154,437,290,238,240,569,565,225,461,567,237
78,443,103,301,4,580,1,154,534,240,569,479,89,195,225,379,290,237,432,341,203,337,5,567,161
568,52,483,442,364,315,29,79,297,198,243,387,500,74,418,581,506,151,546,167,413,31,218,548,30
499,550,47,551,199,506,147,168,52,410,459,378,75,568,74,120,40,211,39,589,85,251,457,29,548
551,378,168,499,47,550,147,457,40,459,589,198,85,410,50,389,211,75,506,193,449,120,58,305,52
408,212,213,187,320,111,40,422,180,556,224,478,566,411,43,127,39,468,575,145,351,71,445,309,9
51,265,570,8,207,558,435,161,538,496,174,405,266,172,492,293,464,534,356,288,362,5,448,337,183
209,552,486,504,241,526,169,125,152,175,355,68,522,592,335,387,364,413,20,262,145,67,7,315,535
441,296,437,45,238,290,195,103,196,479,301,78,443,1,294,4,580,379,154,240,569,534,567,225,565
35,488,445,83,427,453,490,284,274,509,57,412,43,270,303,545,286,48,478,590,516,579,59,494,71
255,104,277,257,299,36,118,188,34,100,21,519,340,530,229,160,94,381,131,90,510,17,447,208,73
391,134,350,364,136,81,31,84,584,66,149,387,217,414,463,545,532,261,142,300,269,474,371,241,173
172,293,356,435,448,8,401,174,394,570,161,558,5,314,555,288,385,492,260,337,201,28,538,130,89
520,514,17,16,482,382,105,131,153,118,179,33,421,420,21,340,244,347,156,160,264,316,229,108,94
552,335,202,241,145,592,387,175,486,68,413,504,418,317,315,364,522,20,436,501,325,243,7,48,262
144,310,339,239,305,211,147,85,247,595,360,214,587,251,57,221,216,162,168,550,119,358,478,424,40
85,40,587,305,147,358,166,221,550,210,214,168,120,468,378,327,499,216,47,212,393,478,9,251,489
566,187,478,352,213,214,445,468,71,325,481,211,358,587,216,40,85,393,221,595,309,339,43,166,493
187,71,566,212,422,468,352,119,339,478,214,43,360,309,427,0,121,481,393,579,454,83,27,162,445
595,478,216,339,587,212,566,221,493,211,424,468,358,352,494,187,166,325,554,489,481,85,411,213,360
15,402,13,472,220,321,109,338,386,524,191,245,495,95,173,518,345,14,306,406,93,375,522,559,261
221,595,587,358,166,533,214,369,478,493,449,424,85,211,212,489,327,383,9,120,325,48,210,339,411
84,261,532,253,332,111,151,524,554,180,167,582,31,70,418,224,335,387,79,345,557,334,501,68,259
371,54,231,243,136,30,81,483,241,504,29,387,413,364,546,315,585,591,500,297,481,291,545,592,27
273,159,423,450,329,38,456,289,86,176,46,192,502,265,429,185,391,134,183,328,41,201,396,51,248
402,472,109,95,381,306,331,503,93,13,522,173,245,375,421,338,215,473,524,513,321,15,406,61,191
587,358,166,216,595,493,449,533,489,9,211,214,327,85,478,369,424,411,120,383,305,40,212,564,251
521,574,403,515,439,426,234,351,491,579,27,171,53,183,248,311,224,43,454,121,268,0,309,258,291
409,117,416,233,397,360,119,0,251,291,27,171,309,234,121,454,330,403,69,268,339,143,515,222,393
180,351,491,426,439,556,70,574,111,43,91,521,22,222,309,515,532,31,84,524,501,248,234,403,579
534,154,1,569,240,4,580,479,196,103,78,301,287,443,195,513,5,290,161,379,89,174,435,265,337
312,23,246,307,158,112,62,283,461,183,513,330,318,269,426,22,521,593,574,392,234,115,107,224,405
400,377,25,365,573,130,485,254,492,24,252,498,102,342,337,553,161,288,174,319,484,249,565,341,349
345,320,561,369,64,65,267,518,280,554,576,332,582,494,156,111,436,304,375,317,386,533,163,140,557
131,160,94,179,100,21,382,541,323,475,340,420,105,108,118,34,36,477,520,153,583,17,264,244,505
548,52,476,413,545,410,259,217,387,589,457,418,84,127,335,58,308,243,532,232,546,459,199,253,378
371,54,218,136,30,81,446,546,243,241,291,545,171,350,27,258,504,387,181,413,262,364,483,29,309
58,263,389,460,50,284,259,410,199,378,168,551,488,455,230,457,499,294,476,322,47,459,497,243,271
223,397,360,117,0,409,416,251,393,309,493,119,291,422,27,143,171,305,454,468,574,224,121,294,354
521,222,574,515,403,426,183,439,248,351,330,491,311,0,268,53,22,224,361,59,579,392,416,56,258
430,177,487,374,470,12,451,384,82,452,135,32,372,333,313,576,471,434,505,106,588,165,530,164,514
20,33,175,447,372,522,510,178,188,169,526,209,138,538,208,140,184,284,286,486,355,552,514,152,202
78,69,301,443,89,5,103,394,401,341,293,51,448,196,337,435,485,266,356,492,379,8,130,567,388
441,437,296,290,203,45,294,195,379,479,103,196,443,334,1,78,301,4,580,154,567,569,240,341,565
162,144,210,339,310,360,187,467,247,214,595,213,566,0,466,119,71,233,422,409,117,223,57,64,469
569,4,580,154,1,534,225,479,196,78,103,301,5,161,443,288,435,174,553,207,293,492,337,89,448
387,592,413,209,136,335,364,145,552,243,315,504,180,371,202,218,262,54,532,84,350,48,29,68,418
531,368,163,167,557,582,554,151,524,13,269,345,495,513,15,406,70,501,321,332,14,306,64,22,253
29,387,371,364,136,218,315,241,54,262,30,180,546,483,418,297,335,532,309,115,592,84,501,224,351
583,105,428,475,347,340,520,191,382,179,316,229,131,21,208,420,559,421,264,118,17,153,541,477,108
524,495,13,406,41,472,82,402,451,306,220,374,22,15,76,14,70,173,461,523,507,531,248,253,262
158,62,112,307,312,593,226,23,116,283,271,122,563,417,318,115,37,367,392,357,404,458,513,345,87
144,210,310,239,147,506,29,162,469,499,550,409,339,198,47,442,554,211,251,305,457,582,74,37,551
22,439,515,491,521,403,183,41,234,222,574,351,170,524,134,405,426,258,224,268,311,53,577,392,43
484,349,498,254,377,365,25,227,512,252,553,342,400,319,107,485,102,24,294,133,419,288,571,130,492
444,497,110,533,395,369,99,357,295,458,190,449,271,216,65,120,315,564,322,327,48,221,404,593,122
305,360,409,233,223,119,339,493,211,117,587,303,416,310,489,358,221,9,411,210,85,143,294,595,393
254,553,319,342,365,25,400,227,288,567,107,377,565,485,130,492,484,266,337,161,498,349,573,301,92
532,387,501,31,524,173,350,180,262,217,84,269,115,335,552,364,224,418,522,134,29,474,245,513,13
553,252,342,25,377,288,400,319,365,227,130,485,492,349,498,512,161,337,484,249,107,567,565,24,266
205,104,277,299,257,36,118,34,100,188,21,340,519,229,160,530,131,94,381,208,17,244,452,473,264
433,562,407,380,508,326,425,292,363,114,399,279,353,529,42,343,141,194,359,461,523,41,285,565,128
205,255,104,277,299,36,118,34,100,188,21,519,340,229,160,94,530,131,17,73,505,510,208,32,482
403,222,53,171,248,521,311,515,268,439,234,574,27,584,546,183,446,291,136,354,66,170,56,30,579
232,58,410,217,308,476,230,253,284,84,545,263,389,460,350,294,127,199,180,488,39,457,50,378,532
438,356,558,570,448,435,293,394,594,8,401,314,92,49,207,157,385,172,275,174,89,51,432,344,288
524,217,334,451,332,532,501,345,374,31,84,436,167,253,245,14,115,418,391,262,487,582,151,335,462
387,243,54,181,253,115,41,180,175,136,552,31,364,241,532,183,22,53,350,286,134,56,524,173,268
460,232,58,50,389,294,259,284,199,410,168,551,488,455,378,47,499,198,563,195,193,75,87,261,270
153,17,420,21,340,520,131,34,160,179,482,477,118,229,105,347,382,208,428,94,244,447,583,100,475
538,201,46,464,435,570,472,558,41,362,496,86,293,38,207,51,184,448,438,381,287,95,289,567,178
107,485,567,342,51,344,400,565,394,401,492,356,337,293,130,5,92,558,553,8,448,385,314,288,435
561,280,156,434,333,465,471,155,313,323,108,16,106,505,90,421,32,165,129,164,541,576,140,316,73
53,59,56,515,577,403,579,222,439,521,234,121,392,412,170,491,27,248,330,286,509,454,258,43,311
474,524,31,167,115,531,532,180,253,513,224,151,173,501,364,70,111,242,461,134,351,150,582,41,13
126,488,204,261,453,39,253,35,263,217,294,460,74,389,50,287,513,296,228,345,48,45,115,303,421
122,593,357,458,112,404,369,564,417,283,62,246,533,116,455,48,158,115,497,307,367,318,276,315,65
41,522,535,538,355,181,169,60,184,336,526,537,362,175,570,67,472,464,152,496,265,433,178,173,547
219,450,159,329,423,38,456,289,46,86,176,192,265,502,429,328,201,183,41,51,185,391,396,134,311
509,577,427,123,516,286,355,175,539,490,392,76,43,405,491,170,59,362,53,464,285,268,361,494,515
102,28,24,172,174,314,207,498,573,161,385,157,260,356,517,288,377,293,558,394,49,349,448,401,25
404,564,122,455,528,318,357,458,271,367,315,563,6,124,595,37,593,449,116,33,581,369,390,482,424
255,205,104,299,257,36,118,188,34,100,21,340,229,519,530,160,381,452,131,208,94,32,447,90,503
186,398,60,535,88,370,181,132,544,67,184,63,262,440,537,538,286,298,496,128,547,272,414,135,235
399,529,42,292,508,380,363,343,425,194,359,353,433,141,256,407,562,114,326,461,285,41,523,507,245
156,561,267,16,155,106,434,465,313,333,576,421,129,108,471,316,32,17,323,514,520,505,208,382,165
284,175,114,274,44,547,111,285,180,224,272,361,355,84,491,433,334,70,43,351,286,584,566,91,466
76,135,381,402,535,464,140,220,175,538,286,362,146,42,188,359,559,486,7,95,509,90,471,421,32
307,312,158,593,271,246,112,62,417,226,91,122,115,111,180,11,357,346,458,295,224,190,426,22,23
232,58,140,84,259,488,114,215,204,433,35,261,175,281,263,562,262,453,407,460,389,345,451,256,476
361,286,274,114,433,292,508,407,405,425,461,42,76,41,516,509,555,562,392,314,279,343,256,399,577
175,274,53,59,509,76,355,268,20,516,577,535,56,392,262,285,123,362,427,181,405,490,412,464,486
534,538,479,154,496,415,225,362,173,67,4,580,513,464,103,265,184,196,569,240,1,78,201,528,461
161,553,492,174,130,337,254,25,207,400,172,252,342,485,377,293,401,314,394,24,5,356,435,558,28
38,46,273,219,329,450,159,456,423,192,176,86,265,502,328,51,396,170,201,570,391,41,134,496,8
437,441,238,296,203,379,45,103,196,443,1,78,4,580,479,154,240,569,195,294,301,334,534,225,567
27,171,309,393,579,454,468,143,403,515,30,233,222,223,409,546,117,121,43,119,566,481,0,53,439
508,425,399,529,363,279,380,42,433,114,407,343,562,256,326,353,359,141,194,461,285,41,523,245,507
448,394,401,435,356,207,314,570,172,8,5,260,558,385,89,555,174,161,157,266,51,337,288,492,130
31,238,563,419,37,251,437,233,441,493,305,296,416,9,489,310,334,290,113,107,449,115,303,358,221
190,11,346,250,110,497,271,65,593,357,395,417,48,367,369,458,444,283,447,533,315,590,304,97,112
441,437,238,45,203,290,195,103,479,294,379,196,443,78,301,1,4,580,154,334,240,569,534,341,225
483,315,243,29,500,364,387,115,241,48,591,501,357,474,6,458,253,592,180,269,31,369,552,218,449
63,137,132,398,549,149,584,463,2,373,26,66,302,142,181,258,248,370,414,350,278,134,186,136,366
255,104,277,205,257,118,36,100,34,21,340,188,229,519,244,208,131,160,583,94,105,17,482,452,421
391,31,336,84,150,173,474,364,97,115,6,517,48,522,87,315,134,217,133,206,338,524,294,138,65
78,196,443,195,103,479,534,237,337,4,580,567,154,485,5,492,565,240,569,1,553,130,341,89,342
2,26,373,142,463,549,149,584,414,298,181,134,391,547,66,63,350,136,31,81,262,54,355,248,258
424,412,360,116,121,83,339,416,595,57,251,330,59,310,577,305,411,119,478,563,454,392,0,427,489
417,317,125,486,65,68,338,111,175,91,48,345,70,228,145,76,123,11,20,115,306,494,402,516,524
251,360,339,211,310,489,210,9,411,85,587,327,493,168,119,75,221,424,550,595,454,233,358,37,121
402,406,472,220,13,14,524,109,245,381,321,495,522,93,15,345,95,513,531,473,173,22,518,405,331
158,246,62,112,312,593,283,226,271,23,116,122,417,318,563,367,357,458,115,345,228,513,65,37,404
575,259,476,127,410,230,532,39,335,145,111,418,217,457,253,84,180,408,387,126,284,548,320,451,204
143,393,27,171,468,43,291,579,566,439,351,491,454,403,224,515,354,233,546,222,481,574,30,180,121
210,144,305,339,360,119,239,251,303,83,57,412,37,162,424,595,121,454,294,168,29,147,247,489,9
354,439,521,574,222,403,234,37,330,515,248,328,416,258,170,351,491,268,392,426,116,22,183,143,224
307,158,246,112,226,62,283,23,593,417,271,318,11,122,346,367,116,518,381,306,503,513,115,87,563
106,333,471,434,155,487,129,430,108,177,514,267,156,140,505,316,82,280,165,451,235,32,374,135,561
293,401,394,448,5,172,435,570,558,207,356,565,260,161,174,130,555,385,492,288,89,337,567,24,342
48,483,115,592,364,591,449,297,29,243,387,6,500,357,241,552,369,458,271,122,564,533,395,590,31
108,475,106,382,191,155,520,179,105,165,583,421,129,541,471,514,156,244,131,420,559,313,153,323,511
304,68,145,320,486,209,375,228,111,436,552,335,65,140,386,125,91,465,7,333,175,345,325,510,48
23,563,112,122,357,458,404,564,367,276,271,62,246,593,116,455,390,37,158,307,312,226,493,449,528
342,252,107,254,567,565,553,25,400,365,266,349,484,92,227,485,377,288,49,130,594,498,24,314,492
64,436,111,228,91,554,145,501,557,70,345,317,332,386,556,335,582,163,180,68,406,224,532,418,167
15,495,109,13,386,93,406,306,557,402,215,331,220,531,338,345,518,242,14,3,368,524,163,375,513
193,497,444,455,449,250,395,389,50,564,75,357,458,369,99,390,459,404,110,533,378,168,499,276,232
94,505,73,164,108,160,179,100,465,131,382,541,471,229,165,530,32,434,21,267,106,129,475,477,333
348,376,578,511,543,19,347,428,520,316,105,244,208,155,420,153,583,178,106,191,156,265,129,264,33
352,212,214,216,481,490,566,478,209,48,383,595,187,592,494,369,587,145,64,68,427,413,335,445,221
562,407,425,433,256,363,508,114,380,353,292,399,141,529,279,343,42,359,194,523,461,285,41,157,565
9,489,120,75,411,493,390,419,533,166,358,221,587,211,305,85,216,369,595,449,40,168,214,424,550
10,396,354,311,581,442,37,409,176,192,329,258,38,170,450,455,456,586,113,117,416,289,159,273,143
456,450,273,159,219,38,423,289,192,176,46,86,328,429,265,502,396,183,311,134,391,51,41,248,201
412,59,392,234,37,268,311,121,521,222,116,424,56,416,515,303,403,577,183,223,574,0,53,454,439
93,109,220,402,518,503,95,321,338,381,306,541,559,472,3,375,386,473,15,165,90,13,215,421,229
557,167,345,64,582,554,217,163,151,261,436,501,111,228,524,242,320,15,556,406,70,532,224,269,180
434,471,313,82,430,267,32,505,165,177,135,374,487,451,106,561,384,90,12,155,164,108,235,452,465
261,31,294,217,427,391,524,582,379,584,167,290,134,554,215,71,274,74,577,43,364,509,332,368,84
418,145,532,387,209,552,501,436,241,180,111,84,243,68,364,592,413,253,29,262,224,136,217,79,70
272,31,300,41,175,125,169,391,526,522,486,539,134,152,392,355,364,202,173,285,581,185,76,516,405
492,130,161,485,174,5,400,172,288,553,301,78,342,266,293,207,314,89,356,558,377,254,394,227,448
304,402,3,65,220,503,93,321,381,517,215,331,109,571,133,306,97,375,417,95,472,473,61,125,386
360,210,214,595,424,305,57,119,310,121,478,412,71,566,303,468,144,251,239,213,454,83,211,587,0
21,118,17,477,264,131,179,229,160,105,34,244,520,428,153,482,420,583,382,208,94,100,347,559,475
432,567,443,565,237,78,301,130,485,400,89,337,492,196,69,342,314,379,266,107,558,51,394,103,448
319,565,254,567,553,107,485,400,252,25,130,266,492,288,337,377,227,314,24,161,349,5,301,512,365
359,42,529,399,141,279,292,363,425,508,353,114,380,433,326,407,562,194,256,285,461,41,245,282,507
536,92,49,594,480,157,266,385,51,96,55,356,558,8,107,394,69,260,400,567,401,570,539,293,201
406,228,436,14,554,524,332,557,582,64,65,306,15,518,111,70,242,261,115,304,163,501,320,321,556
11,190,295,48,97,571,150,133,87,115,65,283,68,304,312,271,23,315,6,417,269,513,517,112,173
428,520,244,511,105,482,17,583,543,153,208,264,376,316,340,382,19,156,179,420,475,578,324,16,21
324,578,376,511,543,19,347,428,520,316,178,105,155,208,420,153,265,244,502,106,583,156,191,33,129
512,498,377,254,484,249,25,342,24,49,288,553,319,385,400,252,275,157,107,394,314,227,130,161,401
136,66,545,253,546,584,387,532,31,364,134,371,446,241,262,183,269,30,54,180,391,474,84,206,243
491,224,439,426,574,180,521,43,515,222,556,403,309,22,579,248,70,234,91,111,143,27,392,31,183
325,212,566,187,490,214,481,213,71,478,427,494,68,445,43,595,216,111,468,64,84,145,335,209,180
363,141,425,326,508,380,292,407,562,343,114,529,359,399,433,279,256,42,194,461,285,523,41,107,157
143,311,439,309,393,328,10,403,171,574,491,409,351,117,222,442,416,515,468,43,521,27,224,396,291
535,274,175,362,181,464,539,286,538,496,184,41,123,67,547,522,272,202,152,170,364,169,178,76,173
8,293,448,394,401,435,207,570,260,558,172,385,51,314,174,161,89,157,5,266,288,337,492,130,555
458,271,122,404,564,449,395,497,318,315,593,533,369,110,455,444,250,112,99,276,563,367,48,483,62
166,221,587,216,493,595,9,533,489,211,85,478,327,411,40,449,214,369,120,383,212,424,305,251,75
343,529,141,42,399,279,363,292,353,425,508,114,380,326,433,407,194,562,256,285,461,282,41,245,146
119,339,0,305,251,233,117,223,121,303,416,310,454,493,411,409,595,210,489,468,424,214,27,422,309
285,555,234,401,405,394,577,385,274,362,314,388,464,51,293,286,392,157,448,435,515,5,248,170,59
464,538,405,123,76,175,496,535,41,355,472,555,381,522,173,402,274,286,265,539,392,184,513,287,461
425,508,353,292,380,326,399,529,279,407,562,433,141,343,256,114,42,359,194,461,523,285,41,507,245
31,387,134,315,115,243,241,136,180,48,29,532,474,483,350,391,335,552,224,262,269,418,501,413,84
25,227,252,254,377,400,498,484,553,342,319,249,573,102,288,24,130,485,492,349,161,337,381,565,107
396,151,167,149,134,242,192,531,532,584,546,137,391,31,387,176,442,350,364,298,463,30,29,253,66
593,417,122,318,271,112,404,276,564,357,62,458,23,118,190,295,246,563,482,116,158,307,312,110,17
163,242,531,582,557,554,167,495,524,64,321,13,513,15,345,151,70,501,269,406,215,332,518,123,577
533,216,444,271,497,449,250,65,48,587,358,221,166,357,315,383,120,458,228,122,595,327,110,564,115
128,132,186,63,60,278,398,584,181,262,298,245,272,286,137,248,433,350,507,285,66,461,281,114,41
136,54,30,231,218,81,546,243,387,545,241,446,350,29,364,413,171,291,27,262,258,309,584,504,181
452,374,32,12,235,576,384,421,451,430,82,90,333,487,177,135,470,188,505,588,208,33,514,434,313
302,2,26,142,549,149,463,181,584,298,414,63,134,136,350,54,262,137,391,66,81,547,272,535,31
451,235,82,487,177,430,372,452,470,333,32,135,12,384,576,313,471,434,588,245,165,421,7,505,406
386,402,220,93,421,317,333,109,65,228,338,559,522,321,518,471,406,215,331,15,304,345,13,140,32
324,348,578,511,19,543,347,520,428,316,105,153,208,420,155,244,106,583,129,191,156,264,178,382,475
227,25,498,400,254,130,573,24,492,102,161,485,349,365,342,553,288,174,337,252,249,28,484,512,275
199,168,499,551,147,47,550,457,85,40,459,589,211,389,50,358,410,75,166,120,198,449,193,221,587
443,290,78,196,103,89,4,580,154,237,341,385,569,240,69,157,567,301,1,293,314,435,448,394,296
508,363,256,292,425,433,279,562,407,326,399,529,353,42,114,194,343,141,359,461,523,41,285,507,245
95,503,402,473,472,220,464,538,306,25,362,405,447,518,188,559,338,244,331,90,288,191,265,109,417
179,475,131,108,520,229,316,94,105,160,153,323,21,420,541,100,583,244,208,514,477,17,106,191,421
533,166,369,358,587,221,216,48,315,449,325,493,497,478,65,592,595,214,120,212,271,589,444,357,250
12,32,430,530,135,505,177,235,452,487,470,164,73,333,471,374,434,372,90,165,82,100,323,451,94
157,394,356,293,401,448,435,207,344,8,314,51,49,172,480,266,570,536,260,558,5,275,594,92,361
375,321,15,495,406,109,93,557,13,215,3,518,345,220,402,320,228,332,524,64,163,436,111,331,338
243,241,364,335,532,29,418,253,136,552,180,262,501,413,315,84,371,592,350,31,145,115,79,134,546
237,361,385,69,555,8,51,401,293,394,435,56,448,207,157,356,268,234,59,379,89,584,5,577,78
50,232,58,263,460,199,168,378,551,410,499,47,550,459,322,39,457,75,488,193,147,284,259,198,455
75,327,489,455,37,9,563,120,305,564,318,411,449,113,586,419,458,404,112,357,533,116,276,166,493
134,31,524,41,173,206,364,300,115,269,584,502,350,261,414,248,474,176,253,245,84,531,142,334,522
405,577,123,516,509,330,412,59,170,268,491,439,351,116,515,274,175,494,41,234,22,248,427,311,115
309,143,468,171,291,27,481,566,233,354,30,43,546,409,211,454,212,224,351,439,243,579,360,587,117
401,293,448,435,356,314,207,8,5,570,172,385,260,89,558,51,266,157,161,555,174,288,237,337,130
110,250,449,497,357,444,458,99,585,591,315,564,533,369,404,295,190,483,221,271,216,297,322,48,124
10,328,581,192,442,176,354,134,258,311,170,366,248,391,546,31,364,289,429,456,38,329,584,159,450
233,223,416,117,0,360,422,409,234,224,574,309,119,403,27,480,222,521,515,291,251,171,69,556,351
63,132,137,186,278,298,544,60,370,542,440,181,88,101,535,67,584,496,183,184,549,262,461,525,415
529,42,279,292,508,343,425,363,380,359,433,114,194,353,407,256,141,562,326,461,41,285,507,523,245
227,130,485,492,337,342,25,377,24,573,254,161,553,266,288,252,365,565,174,558,567,341,498,107,319
394,293,448,435,356,314,207,5,8,570,172,89,385,260,555,558,51,266,161,157,174,288,237,337,78
220,472,95,109,306,381,522,13,173,503,93,331,245,473,215,524,338,375,406,421,513,321,15,538,362
515,222,521,439,574,579,234,27,171,491,351,53,248,268,426,43,309,454,291,258,183,311,121,143,354
564,122,563,276,116,357,458,271,455,593,318,449,367,112,37,424,315,528,595,115,369,395,417,48,221
392,123,464,577,362,170,41,76,51,22,539,248,516,509,538,175,274,381,361,513,201,524,491,286,234
14,495,15,13,306,524,245,345,436,321,531,402,22,70,374,82,451,386,333,471,177,430,109,220,111
562,433,326,256,425,508,114,380,292,363,353,399,279,529,141,42,343,359,194,461,285,41,523,245,565
200,111,532,18,180,145,320,224,213,575,418,70,217,187,556,212,335,91,151,80,351,43,332,39,84
223,251,117,233,143,416,291,393,171,309,354,360,27,119,0,397,305,311,454,339,546,403,69,234,328
199,378,389,198,457,127,589,259,58,551,499,50,476,232,39,168,230,47,147,548,550,459,52,120,263
489,9,327,419,493,120,75,358,305,166,221,360,587,211,214,595,85,533,40,251,39,424,478,339,216
59,121,424,83,303,330,427,577,392,494,490,454,268,339,57,579,53,595,515,509,491,71,590,35,43
241,387,335,364,548,592,504,243,136,81,209,371,218,545,84,418,52,315,30,230,481,29,145,552,546
549,537,584,391,149,2,373,26,379,302,462,67,502,535,173,206,261,142,41,334,134,443,463,538,184
287,173,472,542,544,402,440,538,14,306,138,67,522,526,220,265,429,362,245,88,255,201,513,12,496
117,223,397,233,360,0,311,409,234,303,439,403,354,330,251,222,515,574,69,521,268,116,309,224,577
593,122,304,271,367,65,112,246,283,158,312,307,62,115,190,404,125,381,188,503,295,482,156,11,48
335,532,387,145,180,501,436,111,243,79,364,552,253,29,224,241,84,217,209,151,261,70,167,136,413
489,411,9,493,327,75,120,294,305,390,360,251,358,424,166,221,587,233,117,595,214,303,87,563,339
153,179,131,160,264,105,520,382,229,477,94,21,340,108,17,316,208,514,129,323,475,244,541,34,100
191,452,32,514,108,559,471,316,475,165,505,100,208,382,541,372,156,267,229,106,94,179,561,280,131
0,213,187,566,233,224,574,426,360,309,351,397,556,27,521,43,71,515,234,222,491,468,180,393,171
159,450,219,273,329,38,456,86,289,176,46,192,429,265,185,502,201,183,41,328,134,391,51,396,266
595,412,57,339,303,116,494,214,37,221,478,587,216,121,493,489,563,564,305,330,358,360,392,166,404
508,292,363,326,433,407,562,114,380,399,353,256,529,279,42,343,141,359,194,285,461,523,41,507,245
521,574,351,222,224,439,180,491,234,515,22,403,183,91,248,579,556,43,53,27,70,311,0,309,422
509,490,494,577,274,516,412,71,566,59,43,57,123,392,478,554,83,352,491,268,286,35,590,339,579
347,244,105,520,340,583,511,482,543,17,264,208,376,156,153,21,316,477,179,420,475,382,324,118,578
86,528,115,16,33,581,423,185,450,159,176,315,208,265,482,6,134,347,219,364,404,563,156,564,276
177,487,235,384,12,470,374,451,82,135,333,32,471,452,313,505,165,434,106,372,108,530,164,588,576
72,588,451,487,191,177,261,470,452,165,106,430,374,313,82,471,345,316,235,406,524,421,14,475,108
341,443,558,435,570,314,567,196,448,78,89,565,301,293,5,337,130,394,537,172,534,174,161,492,401
407,562,256,425,326,508,114,292,380,363,399,353,529,279,42,343,141,359,194,461,285,41,523,245,128
333,471,267,313,505,90,32,165,561,164,82,465,430,323,135,106,73,384,108,177,155,280,530,12,156
448,293,401,570,394,356,207,8,558,172,314,260,555,5,89,174,161,385,51,288,337,432,201,157,154
501,335,320,406,345,14,418,111,532,332,554,524,552,145,64,374,180,261,91,70,228,253,387,167,557
441,238,296,290,203,45,195,294,103,379,479,196,1,443,78,4,580,301,334,154,240,569,534,83,225
260,558,570,594,92,435,314,96,448,293,55,356,49,265,432,394,401,8,207,565,567,344,266,157,341
491,351,515,222,574,521,403,43,224,426,248,579,311,309,234,556,143,354,180,27,171,268,53,22,392
525,560,544,542,540,101,189,182,60,98,470,398,235,12,415,88,384,430,177,487,262,186,278,137,374
437,238,296,203,45,290,195,294,103,379,479,196,443,78,1,301,4,580,334,154,240,569,534,567,225
10,581,354,396,328,143,546,455,393,364,243,197,29,568,79,409,31,30,134,309,387,311,315,483,52
196,78,103,301,89,379,237,341,432,154,4,580,534,567,195,1,240,569,290,435,479,448,293,401,5
250,497,533,110,369,395,449,99,357,458,564,271,65,216,322,315,404,295,221,190,276,193,122,358,166
35,204,212,478,83,566,71,427,490,352,358,213,43,488,412,595,309,221,216,325,303,579,468,494,121
546,30,66,136,371,171,545,81,350,258,291,27,231,584,309,143,54,403,393,579,454,222,142,409,387
503,264,482,381,33,188,208,17,420,34,16,340,118,95,402,220,97,153,21,160,473,236,571,36,295
293,435,394,401,356,207,570,314,8,172,260,5,558,89,555,385,174,161,51,157,337,288,266,78,237
357,221,458,395,533,315,369,587,358,483,166,564,444,497,216,110,591,404,99,250,585,327,48,455,271
159,423,273,219,329,456,38,289,176,86,192,46,429,265,328,502,183,185,134,201,391,41,396,51,311
374,487,82,177,235,430,135,333,470,452,588,471,313,372,384,32,12,434,165,245,106,261,406,524,576
32,12,384,421,372,430,177,235,374,487,191,135,470,165,505,471,514,451,108,100,333,588,106,313,530
488,204,527,35,284,262,59,412,287,509,286,427,76,270,140,261,125,577,175,303,61,490,57,195,392
121,27,171,579,83,291,468,309,403,222,515,119,0,53,412,360,43,439,268,59,521,143,339,574,491
276,122,404,564,271,458,357,390,116,563,318,449,37,369,581,315,587,75,193,112,115,528,593,533,322
329,450,159,273,38,219,423,289,192,176,46,86,328,429,396,265,502,134,391,183,311,51,248,41,354
147,378,199,589,499,168,551,127,47,476,550,410,548,40,85,29,52,459,84,568,211,230,369,389,243
357,271,122,404,564,449,395,318,497,455,315,593,533,369,110,112,444,276,99,250,563,367,483,62,48
499,506,193,168,378,551,74,550,199,47,52,147,198,548,589,85,457,50,389,75,211,40,410,449,322
263,232,58,50,389,284,294,259,410,199,455,158,87,488,551,168,246,215,113,563,195,586,261,112,37
41,565,183,567,472,538,245,513,173,269,380,256,508,362,402,433,407,279,405,220,524,292,432,5,399
523,148,245,261,524,414,41,391,451,134,507,82,66,80,584,350,374,262,549,253,13,532,206,15,487
142,149,2,26,302,373,549,298,134,66,192,584,350,258,136,391,137,81,206,181,446,414,63,248,371
362,538,405,123,76,41,175,496,381,355,539,472,535,265,392,402,555,274,577,170,522,473,201,22,173
323,164,267,505,129,561,73,94,434,108,471,477,160,155,333,156,280,106,179,140,313,541,32,131,90
467,539,170,354,577,566,43,274,491,239,224,439,309,143,427,123,582,392,214,351,556,481,554,405,509
466,539,43,577,566,491,170,556,354,439,239,274,427,214,224,309,351,392,494,123,143,416,582,339,405
309,393,566,143,27,171,291,454,43,579,481,212,214,213,71,211,339,121,478,360,187,354,439,491,351
247,239,144,466,170,539,409,10,334,467,210,354,281,328,284,584,311,274,577,162,392,310,339,355,37
430,177,487,235,12,384,374,452,451,82,588,135,32,372,165,333,471,313,505,106,530,406,245,108,572
165,333,434,313,505,108,32,106,323,430,267,177,487,135,164,155,73,384,561,421,452,541,465,12,316
402,220,95,306,381,245,522,538,173,41,13,524,109,362,464,215,461,265,503,191,473,421,372,513,15
381,503,402,220,95,306,513,472,464,421,362,208,522,559,340,590,244,447,538,118,518,191,338,482,405
269,31,364,150,115,167,524,532,501,253,84,48,554,522,315,173,87,180,582,151,350,391,387,297,224
382,316,108,583,179,191,105,131,244,541,229,520,165,421,94,100,323,559,21,160,106,420,153,477,471
127,548,230,589,457,410,378,259,308,52,413,84,445,199,284,147,335,212,145,243,389,58,232,40,497
179,21,340,160,131,153,17,420,264,520,94,229,465,382,323,559,108,105,541,475,316,34,118,129,100
214,212,595,566,216,358,339,494,445,587,221,424,166,211,352,468,85,427,43,83,213,490,71,187,57
4,580,534,1,154,569,240,195,225,196,301,78,103,287,443,203,290,553,337,492,296,565,485,161,437
536,344,157,385,266,49,92,51,107,397,69,594,567,96,55,512,349,416,342,361,394,117,234,223,400
566,393,468,309,352,212,587,214,291,325,27,143,221,595,187,71,213,413,171,478,358,493,43,364,216
17,118,16,520,264,347,208,340,34,21,153,428,156,33,131,160,447,179,477,382,244,280,105,420,229
500,315,297,591,449,243,364,29,585,218,6,48,587,357,115,221,458,493,241,387,533,592,31,395,276
249,349,254,365,252,498,377,319,227,25,342,512,553,107,400,294,113,49,24,419,586,573,485,102,565
130,492,337,400,342,161,553,266,227,254,377,5,565,25,301,567,288,174,573,107,24,252,172,341,78
125,175,76,522,304,202,68,552,209,20,173,516,262,509,402,317,286,524,220,91,115,590,362,274,14
177,430,235,451,470,374,82,135,384,12,313,452,333,471,106,588,32,434,165,372,505,108,155,514,72
204,35,453,83,303,445,284,412,389,57,270,232,59,50,294,121,259,263,424,427,53,268,545,58,39
9,411,327,493,419,120,75,358,166,221,587,305,390,595,533,211,424,360,216,214,251,85,339,478,40
427,494,590,412,57,352,509,274,71,48,595,478,35,214,325,577,83,566,286,59,554,175,445,339,424
439,351,43,224,515,556,521,574,222,426,180,403,248,579,309,22,70,577,234,53,91,392,143,268,121
337,130,161,485,174,400,288,5,172,553,377,227,342,254,25,24,573,266,207,314,301,293,78,356,558
489,587,221,358,9,411,166,419,327,595,214,233,360,120,216,251,305,424,211,533,117,478,85,339,75
427,490,412,478,509,590,424,57,577,214,595,392,554,123,48,43,274,582,491,516,566,352,228,339,405
406,13,245,524,321,15,531,306,386,70,14,368,242,402,22,513,76,109,91,220,472,215,173,345,557
184,538,535,67,362,464,178,355,570,201,169,555,152,138,265,287,526,435,139,181,207,558,534,8,154
250,444,110,99,533,369,395,357,458,449,271,295,190,322,48,65,216,315,564,122,358,404,221,166,120
377,25,349,254,227,24,102,365,249,400,288,275,484,573,130,161,342,252,492,553,174,512,89,28,485
550,47,551,199,168,378,147,459,198,506,85,40,211,457,193,75,589,52,74,50,120,410,389,305,210
483,6,315,591,297,364,48,241,115,592,585,31,218,493,243,29,276,590,490,587,449,481,595,357,387
436,532,335,29,167,180,387,253,151,554,418,224,115,524,111,552,582,491,269,364,332,351,243,84,14
391,219,38,423,265,537,273,289,86,46,159,450,414,41,329,570,565,558,176,567,31,348,185,438,134
381,447,95,220,402,473,571,338,331,472,517,188,97,90,93,340,559,417,229,482,36,421,264,102,65
241,202,218,413,209,152,54,371,136,592,169,591,387,552,81,526,364,231,315,243,585,335,181,355,262
73,164,323,530,32,94,384,471,12,100,434,333,108,465,165,160,452,90,430,519,188,131,421,313,267
74,459,193,499,550,198,47,551,168,199,52,147,378,75,455,210,247,568,390,449,305,85,50,211,251
245,523,399,508,194,407,433,380,425,292,256,42,472,279,363,562,461,77,529,326,114,462,13,41,524
292,425,380,363,433,399,279,529,407,256,562,326,42,114,353,343,141,359,194,461,285,41,523,507,245
516,577,427,274,123,76,392,494,59,286,405,490,268,175,412,125,170,491,53,486,43,464,539,362,590
519,164,188,530,73,505,36,90,34,465,384,94,12,160,32,434,323,514,333,118,100,576,208,313,16
543,376,578,324,19,348,347,520,316,428,105,153,420,244,583,382,475,155,264,208,191,179,106,477,129
349,553,254,288,342,401,394,266,107,78,377,51,385,498,492,161,485,293,356,4,580,154,249,237,25
531,269,524,402,173,522,461,22,220,13,405,242,306,473,362,253,472,495,392,163,154,464,554,115,287
129,421,108,106,208,313,452,155,382,316,153,505,179,94,420,323,131,16,191,32,520,156,12,160,471
403,222,521,439,579,491,574,234,351,43,53,426,27,248,268,171,224,309,121,183,454,59,577,291,311
509,577,76,123,274,427,392,405,286,125,268,59,175,170,491,486,53,494,248,524,56,43,70,41,285
571,133,97,24,503,338,275,102,573,150,25,87,498,447,11,346,381,220,61,349,300,473,402,565,377
93,559,331,191,345,109,381,228,165,402,306,267,220,386,321,471,541,406,95,15,421,215,333,503,375
530,164,73,100,94,510,505,36,34,160,323,12,188,384,118,131,208,32,229,21,257,514,90,179,382
153,382,347,179,17,105,131,264,316,420,208,475,21,482,244,340,511,428,108,477,583,160,229,156,19
574,222,426,515,234,403,439,351,491,183,224,248,311,579,22,53,27,268,171,180,43,0,121,258,454
173,552,472,402,175,486,220,524,115,125,306,362,513,538,41,253,68,526,14,464,31,262,13,272,245
148,462,245,380,194,472,256,508,433,41,425,562,407,82,507,326,292,363,461,399,529,42,95,279,220
245,70,531,13,173,269,41,406,495,22,111,134,31,253,261,345,242,391,248,14,306,224,115,180,532
440,540,560,189,101,182,542,544,98,60,470,235,430,12,487,177,262,384,374,77,82,398,451,181,372
169,152,138,67,178,184,185,202,522,173,496,538,535,355,528,272,33,552,175,262,6,41,181,336,125
139,555,453,392,76,287,286,464,362,405,28,538,175,174,161,123,577,59,509,412,172,274,20,516,125
276,404,429,564,169,265,201,455,152,287,591,563,526,37,581,138,392,33,115,122,184,6,315,496,318
399,42,279,292,508,343,359,363,425,380,194,353,433,141,114,256,407,326,562,461,285,41,523,245,507
73,505,164,384,12,100,32,90,519,94,323,188,434,36,135,160,471,333,510,452,430,229,165,465,131
242,368,13,524,167,163,513,269,495,582,15,557,406,151,554,70,14,501,306,245,321,173,22,31,253
418,335,387,501,180,253,224,84,111,151,167,364,524,217,350,145,136,269,70,436,243,29,31,351,79
369,444,216,250,166,358,120,221,497,449,327,587,383,9,271,357,458,489,110,595,75,493,48,411,315
154,4,580,225,479,569,240,1,196,78,301,103,287,161,443,5,337,174,492,89,195,435,201,172,432
184,538,496,355,67,362,181,464,555,286,41,175,537,169,272,152,139,547,526,570,178,76,138,278,461
344,480,49,92,157,96,594,55,385,266,567,107,51,558,565,319,314,342,24,400,260,438,394,349,539
538,67,414,184,535,432,472,41,570,265,461,272,173,178,435,138,502,362,314,565,88,555,448,355,522
362,464,535,496,184,265,41,472,67,555,381,570,207,405,178,355,76,175,435,537,287,173,201,95,461
170,123,405,464,355,274,577,392,175,362,466,467,51,41,509,344,538,516,157,427,20,76,248,361,385
189,560,525,182,440,542,101,98,544,470,60,12,235,384,430,177,487,374,372,519,452,32,82,530,451
229,108,323,179,94,165,131,475,382,559,160,100,471,316,421,505,477,21,73,267,465,420,191,583,434
101,182,440,544,540,525,560,98,60,189,470,398,88,415,137,12,384,235,430,22,177,186,452,487,374
511,578,376,324,348,347,428,520,316,19,105,583,244,475,153,382,420,191,264,179,477,208,155,340,106
440,542,101,560,525,540,60,182,398,88,189,470,415,186,278,12,98,384,235,430,177,487,135,137,452
136,350,546,371,30,446,584,309,54,81,27,291,413,66,387,171,243,84,364,230,579,53,241,31,83
30,446,136,371,171,143,309,350,545,81,243,27,393,291,387,29,66,54,258,584,532,364,468,454,218
355,535,286,26,285,181,2,272,281,175,274,537,302,373,361,202,184,44,555,139,486,538,362,76,278
230,52,476,413,589,457,459,568,127,387,378,410,545,199,243,198,499,335,147,74,418,84,546,506,30
149,414,2,584,26,373,302,298,142,463,66,63,391,350,134,334,132,137,462,379,181,261,253,524,69
47,499,551,168,199,378,147,85,198,459,211,40,506,75,305,193,457,210,589,120,50,74,327,251,390
47,550,499,168,199,378,147,459,198,85,40,50,506,75,457,389,211,193,589,410,305,74,120,210,327
209,387,335,592,522,202,241,315,145,486,115,173,68,501,364,262,48,253,436,418,532,175,84,243,125
254,252,288,342,492,485,130,337,161,25,400,319,512,377,266,567,565,301,227,107,174,365,154,78,4
582,163,64,167,557,151,501,242,345,332,224,43,368,84,214,531,491,436,427,494,320,217,70,31,79
435,570,448,293,207,139,401,394,314,5,538,172,356,8,361,535,362,174,496,464,558,161,89,51,154
491,224,351,70,439,43,180,111,574,91,426,521,22,515,222,524,248,422,554,309,345,234,0,403,577
163,582,64,554,368,242,332,345,167,531,321,386,320,15,501,151,436,70,524,556,495,406,217,13,111
570,260,435,8,356,293,448,207,314,438,394,172,401,174,161,266,201,337,492,288,130,432,24,51,5
541,191,421,316,475,229,477,179,583,108,131,21,244,165,340,188,160,267,471,382,518,94,100,155,105
540,440,525,189,544,542,101,182,60,470,235,12,384,430,98,177,487,519,374,452,530,372,32,82,588
267,280,156,465,434,576,333,471,32,505,323,421,313,16,108,155,106,164,165,90,73,129,228,94,452
407,326,433,256,425,508,380,114,363,292,353,399,279,529,141,42,343,359,194,461,285,523,41,565,567
116,564,404,37,318,112,62,424,390,593,246,458,455,122,357,271,294,276,23,303,595,330,367,158,449
404,563,276,122,116,357,458,455,271,449,593,318,424,595,37,315,221,369,367,395,112,587,115,390,48
567,342,107,314,266,485,319,130,301,461,5,341,553,400,492,252,337,432,78,293,254,25,394,558,288
213,468,212,71,43,187,309,352,481,478,214,393,579,427,27,422,339,224,491,143,351,454,291,445,121
565,107,342,266,319,341,301,485,314,252,553,432,400,461,130,5,443,337,78,492,254,293,394,401,448
52,589,197,147,198,548,499,211,457,418,442,550,29,85,243,506,40,335,199,120,378,297,413,483,459
240,4,580,154,1,534,225,479,196,78,103,301,5,161,443,288,435,174,553,207,293,492,337,89,448
435,558,448,8,293,356,260,207,401,394,555,314,172,51,438,201,5,174,538,432,161,385,496,265,266
133,517,97,503,11,346,102,24,25,338,573,447,498,381,87,377,227,150,275,23,220,365,400,473,402
105,452,470,12,135,487,191,316,384,88,430,475,177,514,208,265,420,106,382,108,244,583,235,60,165
24,400,227,377,130,102,25,492,161,174,485,337,28,275,172,498,558,342,365,288,356,254,207,314,252
521,222,426,351,439,403,515,234,491,224,248,183,22,311,180,579,0,171,27,43,556,309,354,143,53
308,39,408,532,200,320,126,111,127,259,217,145,335,253,386,556,269,70,410,43,418,228,180,476,501
561,32,372,374,280,452,235,333,267,434,156,430,16,313,421,12,177,505,384,140,451,82,471,487,90
509,392,516,123,427,59,405,274,268,170,412,491,515,53,494,439,43,76,248,286,351,539,56,22,464
324,348,376,511,543,19,347,428,520,316,105,244,155,583,191,420,153,208,106,265,475,334,156,178,264
515,27,403,43,171,222,53,454,309,439,491,121,291,268,521,351,468,574,59,566,426,412,83,224,143
580,154,240,569,1,534,479,196,225,78,103,301,443,5,161,288,553,174,492,89,337,435,379,195,293
10,396,442,328,364,455,429,276,134,528,354,115,31,170,176,315,391,311,122,33,404,243,564,539,336
163,554,557,64,368,167,242,531,332,151,345,84,501,524,70,224,217,31,269,111,494,228,427,474,180
244,105,475,191,382,316,520,428,179,229,340,347,559,131,21,421,541,420,208,108,477,100,153,543,264
66,549,350,136,258,69,134,546,545,248,31,149,391,262,84,532,53,253,142,414,2,298,524,446,224
591,483,395,449,315,124,218,500,357,458,297,110,564,99,504,243,6,404,241,276,444,497,152,528,221
113,390,37,294,75,252,328,474,269,107,563,319,419,484,455,506,354,318,167,429,87,489,96,305,327
221,358,166,595,216,493,211,214,533,85,489,449,9,327,478,369,424,120,411,305,40,383,212,481,251
431,487,470,451,72,452,177,82,374,191,430,135,32,165,235,372,313,384,471,106,333,12,524,421,245
457,378,127,199,40,147,568,499,85,52,476,168,548,211,550,410,551,47,459,212,369,120,533,230,332
490,494,48,175,115,392,125,412,427,315,65,35,57,564,509,595,486,424,274,6,123,404,473,417,364
585,315,483,500,449,395,6,124,297,357,218,48,564,458,528,404,364,152,276,110,241,99,590,504,592
241,315,552,48,209,387,145,84,335,243,364,413,180,68,115,29,150,271,522,483,79,202,418,6,111
271,112,417,122,246,62,158,307,367,116,404,283,564,357,312,458,563,318,115,65,369,23,392,190,295
92,49,344,96,55,260,536,438,157,356,558,394,51,385,266,401,293,448,8,314,570,435,319,107,567
424,216,587,221,214,358,478,166,339,493,57,489,494,412,210,533,360,9,564,369,303,490,305,116,211
